<Fragment xmlns:r="ddi:reusable:3_2" xmlns="ddi:instance:3_2">
  <StudyUnit isUniversallyUnique="true" versionDate="2019-01-16T22:29:02.220876Z" xmlns="ddi:studyunit:3_2">
    <r:URN>urn:ddi:midus.wisc.edu:3931a971-8833-4449-947e-489857534be1:64</r:URN>
    <r:Agency>midus.wisc.edu</r:Agency>
    <r:ID>3931a971-8833-4449-947e-489857534be1</r:ID>
    <r:Version>64</r:Version>
    <r:UserID typeOfUserID="DOI">http://doi.org/10.3886/ICPSR34969.v1</r:UserID>
    <r:VersionResponsibility>BRIDGIT\jeremy</r:VersionResponsibility>
    <r:Citation>
      <r:Title>
        <r:String xml:lang="en-US">MIDJA Biomarkers</r:String>
      </r:Title>
    </r:Citation>
    <r:Abstract>
      <r:Content xml:lang="en-US">The MIDJA Biomarker study obtained biological assessments from a subsample (n=382) of MIDJA Survey (ICPSR 30822) respondents (N=1027). Participants traveled to a clinic near the University of Tokyo campus where Biomarker data (vital signs, morphometric assessments, blood assays, and medication data) were obtained. Participants also provided daily saliva samples for cortisol assessment and completed a self-administered medical history questionnaire. The questionnaire included assessments of conditions and symptoms, major health and life events, nutrition/diet, and additional psychosocial measures (anxiety, depression, relationship quality, control etc.). These measures parallel those in a national longitudinal sample of midlife Americans known as MIDUS (ICPSR 4652: MIDUS 2 and ICPSR 2760: MIDUS 1). The central objective is to compare the Japanese sample (MIDJA) with the United States sample (MIDUS) to test the hypotheses regarding cultural differences in aging health and well-being as well as in how psychosocial factors are linked with biological factors known to influence profiles of disease and disability.</r:Content>
    </r:Abstract>
    <r:SeriesStatement>
      <r:SeriesName>
        <r:String xml:lang="en-US">Unknown</r:String>
      </r:SeriesName>
    </r:SeriesStatement>
    <r:OtherMaterial isUniversallyUnique="true">
      <r:URN>urn:ddi:midus.wisc.edu:38246486-2ba8-40d6-b176-50f6858f8b01:64</r:URN>
      <r:Agency>midus.wisc.edu</r:Agency>
      <r:ID>38246486-2ba8-40d6-b176-50f6858f8b01</r:ID>
      <r:Version>64</r:Version>
      <r:TypeOfMaterial>Documentation</r:TypeOfMaterial>
      <r:Citation>
        <r:Title>
          <r:String xml:lang="en-US">README</r:String>
        </r:Title>
      </r:Citation>
      <r:ExternalURLReference>https://www.icpsr.umich.edu/icpsrweb/ICPSR/studies/34969/versions/V2/datasets/0/files/1252553/downloadDoc/doc?path=/pcms/studies/0/3/4/9/34969/V2/files/1252553</r:ExternalURLReference>
      <r:MIMEType>application/pdf; name="34969-0001-Documentation-readme_062613.pdf"</r:MIMEType>
    </r:OtherMaterial>
    <r:OtherMaterial isUniversallyUnique="true">
      <r:URN>urn:ddi:midus.wisc.edu:23e433ff-6b8d-4253-a800-43301bdb85d7:64</r:URN>
      <r:Agency>midus.wisc.edu</r:Agency>
      <r:ID>23e433ff-6b8d-4253-a800-43301bdb85d7</r:ID>
      <r:Version>64</r:Version>
      <r:TypeOfMaterial>Documentation</r:TypeOfMaterial>
      <r:Citation>
        <r:Title>
          <r:String xml:lang="en-US">Data Files Notes</r:String>
        </r:Title>
      </r:Citation>
      <r:ExternalURLReference>https://www.icpsr.umich.edu/icpsrweb/ICPSR/studies/34969/versions/V2/datasets/0/files/1252549/downloadDoc/doc?path=/pcms/studies/0/3/4/9/34969/V2/files/1252549</r:ExternalURLReference>
      <r:MIMEType>application/pdf; name="34969-0001-Documentation-datafile_notes.pdf"</r:MIMEType>
    </r:OtherMaterial>
    <r:OtherMaterial isUniversallyUnique="true">
      <r:URN>urn:ddi:midus.wisc.edu:db2e5de9-6d7c-48a0-a9da-854c9e4f1f0a:64</r:URN>
      <r:Agency>midus.wisc.edu</r:Agency>
      <r:ID>db2e5de9-6d7c-48a0-a9da-854c9e4f1f0a</r:ID>
      <r:Version>64</r:Version>
      <r:TypeOfMaterial>Documentation</r:TypeOfMaterial>
      <r:Citation>
        <r:Title>
          <r:String xml:lang="en-US">Clinic Visit</r:String>
        </r:Title>
      </r:Citation>
      <r:ExternalURLReference>https://www.icpsr.umich.edu/icpsrweb/ICPSR/studies/34969/versions/V2/datasets/0/files/1252548/downloadDoc/doc?path=/pcms/studies/0/3/4/9/34969/V2/files/1252548</r:ExternalURLReference>
      <r:MIMEType>application/pdf; name="34969-0001-Documentation-clinicvisit.pdf"</r:MIMEType>
    </r:OtherMaterial>
    <r:OtherMaterial isUniversallyUnique="true">
      <r:URN>urn:ddi:midus.wisc.edu:ded65f37-69e8-4369-a106-c051e2f25db1:64</r:URN>
      <r:Agency>midus.wisc.edu</r:Agency>
      <r:ID>ded65f37-69e8-4369-a106-c051e2f25db1</r:ID>
      <r:Version>64</r:Version>
      <r:TypeOfMaterial>Documentation</r:TypeOfMaterial>
      <r:Citation>
        <r:Title>
          <r:String xml:lang="en-US">Merge_Guide</r:String>
        </r:Title>
      </r:Citation>
      <r:ExternalURLReference>https://www.icpsr.umich.edu/icpsrweb/ICPSR/studies/34969/versions/V2/datasets/0/files/1252551/downloadDoc/doc?path=/pcms/studies/0/3/4/9/34969/V2/files/1252551</r:ExternalURLReference>
      <r:MIMEType>application/pdf; name="34969-0001-Documentation-merging.pdf"</r:MIMEType>
    </r:OtherMaterial>
    <r:OtherMaterial isUniversallyUnique="true">
      <r:URN>urn:ddi:midus.wisc.edu:88837477-cfd8-4f82-84f2-52922d85e2fc:64</r:URN>
      <r:Agency>midus.wisc.edu</r:Agency>
      <r:ID>88837477-cfd8-4f82-84f2-52922d85e2fc</r:ID>
      <r:Version>64</r:Version>
      <r:TypeOfMaterial>Documentation</r:TypeOfMaterial>
      <r:Citation>
        <r:Title>
          <r:String xml:lang="en-US">Naming_Conventions</r:String>
        </r:Title>
      </r:Citation>
      <r:ExternalURLReference>https://www.icpsr.umich.edu/icpsrweb/ICPSR/studies/34969/versions/V2/datasets/0/files/1252552/downloadDoc/doc?path=/pcms/studies/0/3/4/9/34969/V2/files/1252552</r:ExternalURLReference>
      <r:MIMEType>application/pdf; name="34969-0001-Documentation-naming_coding.pdf"</r:MIMEType>
    </r:OtherMaterial>
    <r:OtherMaterial isUniversallyUnique="true">
      <r:URN>urn:ddi:midus.wisc.edu:4d5b8cb4-657b-4a8d-9369-d473e2d17a87:64</r:URN>
      <r:Agency>midus.wisc.edu</r:Agency>
      <r:ID>4d5b8cb4-657b-4a8d-9369-d473e2d17a87</r:ID>
      <r:Version>64</r:Version>
      <r:TypeOfMaterial>Documentation</r:TypeOfMaterial>
      <r:Citation>
        <r:Title>
          <r:String xml:lang="en-US">Roadmap</r:String>
        </r:Title>
      </r:Citation>
      <r:ExternalURLReference>https://www.icpsr.umich.edu/icpsrweb/ICPSR/studies/34969/versions/V2/datasets/0/files/1252554/downloadDoc/doc?path=/pcms/studies/0/3/4/9/34969/V2/files/1252554</r:ExternalURLReference>
      <r:MIMEType>application/pdf; name="34969-0001-Documentation-roadmap.pdf"</r:MIMEType>
    </r:OtherMaterial>
    <r:OtherMaterial isUniversallyUnique="true">
      <r:URN>urn:ddi:midus.wisc.edu:138e0b44-862f-46ac-8fec-ccd993679e7c:64</r:URN>
      <r:Agency>midus.wisc.edu</r:Agency>
      <r:ID>138e0b44-862f-46ac-8fec-ccd993679e7c</r:ID>
      <r:Version>64</r:Version>
      <r:TypeOfMaterial>Documentation</r:TypeOfMaterial>
      <r:Citation>
        <r:Title>
          <r:String xml:lang="en-US">Scales_Composites_V1</r:String>
        </r:Title>
      </r:Citation>
      <r:ExternalURLReference>https://www.icpsr.umich.edu/icpsrweb/ICPSR/studies/34969/versions/V2/datasets/0/files/1252555/downloadDoc/doc?path=/pcms/studies/0/3/4/9/34969/V2/files/1252555</r:ExternalURLReference>
      <r:MIMEType>application/pdf; name="34969-0001-Documentation-scales_composite.pdf"</r:MIMEType>
    </r:OtherMaterial>
    <r:OtherMaterial isUniversallyUnique="true">
      <r:URN>urn:ddi:midus.wisc.edu:6b683928-2632-47af-af4e-a22bad397218:64</r:URN>
      <r:Agency>midus.wisc.edu</r:Agency>
      <r:ID>6b683928-2632-47af-af4e-a22bad397218</r:ID>
      <r:Version>64</r:Version>
      <r:TypeOfMaterial>Documentation</r:TypeOfMaterial>
      <r:Citation>
        <r:Title>
          <r:String xml:lang="en-US">Study_Summary</r:String>
        </r:Title>
      </r:Citation>
      <r:ExternalURLReference>https://www.icpsr.umich.edu/icpsrweb/ICPSR/studies/34969/versions/V2/datasets/0/files/1252556/downloadDoc/doc?path=/pcms/studies/0/3/4/9/34969/V2/files/1252556</r:ExternalURLReference>
      <r:MIMEType>application/pdf; name="34969-0001-Documentation-summary.pdf"</r:MIMEType>
    </r:OtherMaterial>
    <r:OtherMaterial isUniversallyUnique="true">
      <r:URN>urn:ddi:midus.wisc.edu:d73bd74e-915b-4b25-a9f1-3ada9abc3e1e:64</r:URN>
      <r:Agency>midus.wisc.edu</r:Agency>
      <r:ID>d73bd74e-915b-4b25-a9f1-3ada9abc3e1e</r:ID>
      <r:Version>64</r:Version>
      <r:TypeOfMaterial>Questionnaires/Instruments</r:TypeOfMaterial>
      <r:Citation>
        <r:Title>
          <r:String xml:lang="en-US">English BioSAQ</r:String>
        </r:Title>
      </r:Citation>
      <r:ExternalURLReference>https://www.icpsr.umich.edu/icpsrweb/ICPSR/studies/34969/versions/V2/datasets/0/files/1252558/downloadDoc/doc?path=/pcms/studies/0/3/4/9/34969/V2/files/1252558</r:ExternalURLReference>
      <r:MIMEType>application/pdf; name="34969-0001-Documentation-english.pdf"</r:MIMEType>
    </r:OtherMaterial>
    <r:OtherMaterial isUniversallyUnique="true">
      <r:URN>urn:ddi:midus.wisc.edu:f38a5084-7246-41cf-b2b8-7fe1dbdbe821:64</r:URN>
      <r:Agency>midus.wisc.edu</r:Agency>
      <r:ID>f38a5084-7246-41cf-b2b8-7fe1dbdbe821</r:ID>
      <r:Version>64</r:Version>
      <r:TypeOfMaterial>Questionnaires/Instruments</r:TypeOfMaterial>
      <r:Citation>
        <r:Title>
          <r:String xml:lang="en-US">Japanese BioSAQ</r:String>
        </r:Title>
      </r:Citation>
      <r:ExternalURLReference>https://www.icpsr.umich.edu/icpsrweb/ICPSR/studies/34969/versions/V2/datasets/0/files/1252559/downloadDoc/doc?path=/pcms/studies/0/3/4/9/34969/V2/files/1252559</r:ExternalURLReference>
      <r:MIMEType>application/pdf; name="34969-0001-Documentation-japanese.pdf"</r:MIMEType>
    </r:OtherMaterial>
    <r:OtherMaterial isUniversallyUnique="true">
      <r:URN>urn:ddi:midus.wisc.edu:a8a33ee1-2c2f-425a-a4cd-49071c6e0b17:64</r:URN>
      <r:Agency>midus.wisc.edu</r:Agency>
      <r:ID>a8a33ee1-2c2f-425a-a4cd-49071c6e0b17</r:ID>
      <r:Version>64</r:Version>
      <r:TypeOfMaterial>Agreements</r:TypeOfMaterial>
      <r:Citation>
        <r:Title>
          <r:String xml:lang="en-US">MIDJA Acknowledgement</r:String>
        </r:Title>
      </r:Citation>
      <r:ExternalURLReference>https://www.icpsr.umich.edu/icpsrweb/ICPSR/studies/34969/versions/V2/datasets/0/files/1252547/downloadDoc/doc?path=/pcms/studies/0/3/4/9/34969/V2/files/1252547</r:ExternalURLReference>
      <r:MIMEType>application/pdf; name="34969-0001-Documentation-acknowledgement.pdf"</r:MIMEType>
    </r:OtherMaterial>
    <r:PhysicalInstanceReference>
      <r:Agency>midus.wisc.edu</r:Agency>
      <r:ID>dc0f399e-c6d6-4b2b-85d6-14ee0d66b229</r:ID>
      <r:Version>7</r:Version>
      <r:TypeOfObject>PhysicalInstance</r:TypeOfObject>
    </r:PhysicalInstanceReference>
  </StudyUnit>
</Fragment>